email,name,userType,profileDetails,createdAt
"rahul.chatterjee319@fotdu.edu.in","Rahul Chatterjee","Alumni","693518d8bd14f512f99e1b42","2020-02-09T18:30:00.000Z"
"ananya.kapoor734@fotdu.edu.in","Ananya Kapoor","Alumni","693518d9bd14f512f99e1b56","2023-05-09T18:30:00.000Z"
"rajesh.mehra294@fotdu.edu.in","Rajesh Mehra","Alumni","693518d9bd14f512f99e1b62","2023-01-08T18:30:00.000Z"
"kabir.rao124@fotdu.edu.in","Kabir Rao","Alumni","693518d9bd14f512f99e1b6f","2022-09-23T18:30:00.000Z"
"aishwarya.dhawan580@fotdu.edu.in","Aishwarya Dhawan","Alumni","693518d9bd14f512f99e1b7c","2022-03-16T18:30:00.000Z"
"pari.dubey247@fotdu.edu.in","Pari Dubey","Alumni","693518d9bd14f512f99e1b89","2021-02-20T18:30:00.000Z"
"rajesh.patil887@fotdu.edu.in","Rajesh Patil","Alumni","693518d9bd14f512f99e1b96","2019-04-20T18:30:00.000Z"
"aadhya.sharma504@fotdu.edu.in","Aadhya Sharma","Alumni","693518d9bd14f512f99e1ba5","2023-12-03T18:30:00.000Z"
"mahi.bhatia792@fotdu.edu.in","Mahi Bhatia","Alumni","693518dabd14f512f99e1bb2","2020-10-25T18:30:00.000Z"
"kabir.gupta957@fotdu.edu.in","Kabir Gupta","Alumni","693518dabd14f512f99e1bbf","2022-07-11T18:30:00.000Z"
"tanvi.arora313@fotdu.edu.in","Tanvi Arora","Alumni","693518dabd14f512f99e1bcf","2021-12-05T18:30:00.000Z"
"venkat.thakur602@fotdu.edu.in","Venkat Thakur","Alumni","693518dabd14f512f99e1bdc","2020-10-14T18:30:00.000Z"
"aadhya.nair666@fotdu.edu.in","Aadhya Nair","Alumni","693518dabd14f512f99e1beb","2021-06-14T18:30:00.000Z"
"prasad.verma914@fotdu.edu.in","Prasad Verma","Alumni","693518dabd14f512f99e1bf8","2019-02-18T18:30:00.000Z"
"ishaan.kulkarni872@fotdu.edu.in","Ishaan Kulkarni","Alumni","693518dabd14f512f99e1c08","2019-02-02T18:30:00.000Z"
"rahul.patel722@fotdu.edu.in","Rahul Patel","Alumni","693518dbbd14f512f99e1c18","2019-06-09T18:30:00.000Z"
"aarav.verma39@fotdu.edu.in","Aarav Verma","Alumni","693518dbbd14f512f99e1c27","2022-07-22T18:30:00.000Z"
"kajal.patel703@fotdu.edu.in","Kajal Patel","Alumni","693518dbbd14f512f99e1c36","2019-03-21T18:30:00.000Z"
"tanvi.jain145@fotdu.edu.in","Tanvi Jain","Alumni","693518dbbd14f512f99e1c46","2022-02-11T18:30:00.000Z"
"advait.bhatia499@fotdu.edu.in","Advait Bhatia","Alumni","693518dcbd14f512f99e1c56","2022-06-09T18:30:00.000Z"
"rohan.patel949@fotdu.edu.in","Rohan Patel","Alumni","693518dcbd14f512f99e1c65","2020-06-01T18:30:00.000Z"
"amit.patel172@fotdu.edu.in","Amit Patel","Alumni","693518dcbd14f512f99e1c72","2022-12-04T18:30:00.000Z"
"aarush.mukherjee551@fotdu.edu.in","Aarush Mukherjee","Alumni","693518dcbd14f512f99e1c82","2020-08-01T18:30:00.000Z"
"ishita.thakur457@fotdu.edu.in","Ishita Thakur","Alumni","693518dcbd14f512f99e1c91","2022-08-22T18:30:00.000Z"
"darsh.malhotra78@fotdu.edu.in","Darsh Malhotra","Alumni","693518dcbd14f512f99e1c9f","2023-12-16T18:30:00.000Z"
"aadhya.nair180@fotdu.edu.in","Aadhya Nair","Alumni","693518dcbd14f512f99e1cab","2022-04-22T18:30:00.000Z"
"sana.chavan730@fotdu.edu.in","Sana Chavan","Alumni","693518ddbd14f512f99e1cba","2022-03-17T18:30:00.000Z"
"riddhi.srivastava700@fotdu.edu.in","Riddhi Srivastava","Alumni","693518ddbd14f512f99e1cc5","2019-09-03T18:30:00.000Z"
"varun.menon485@fotdu.edu.in","Varun Menon","Alumni","693518ddbd14f512f99e1cd5","2019-12-20T18:30:00.000Z"
"vihaan.gupta772@fotdu.edu.in","Vihaan Gupta","Alumni","693518ddbd14f512f99e1ce1","2020-04-30T18:30:00.000Z"
"anjali.iyer683@fotdu.edu.in","Anjali Iyer","Alumni","693518ddbd14f512f99e1cf1","2022-11-24T18:30:00.000Z"
"kunal.singh964@fotdu.edu.in","Kunal Singh","Alumni","693518ddbd14f512f99e1d00","2020-08-18T18:30:00.000Z"
"shanaya.mukherjee984@fotdu.edu.in","Shanaya Mukherjee","Alumni","693518debd14f512f99e1d10","2022-05-15T18:30:00.000Z"
"aanya.mehra460@fotdu.edu.in","Aanya Mehra","Alumni","693518debd14f512f99e1d1c","2020-06-22T18:30:00.000Z"
"shanaya.verma284@fotdu.edu.in","Shanaya Verma","Alumni","693518debd14f512f99e1d2c","2019-02-28T18:30:00.000Z"
"harish.tiwari97@fotdu.edu.in","Harish Tiwari","Alumni","693518debd14f512f99e1d36","2019-03-20T18:30:00.000Z"
"ishaan.dhawan293@fotdu.edu.in","Ishaan Dhawan","Alumni","693518debd14f512f99e1d46","2023-04-04T18:30:00.000Z"
"ananya.mukherjee966@fotdu.edu.in","Ananya Mukherjee","Alumni","693518debd14f512f99e1d56","2022-12-25T18:30:00.000Z"
"darsh.pandey552@fotdu.edu.in","Darsh Pandey","Alumni","693518debd14f512f99e1d62","2022-02-28T18:30:00.000Z"
"diya.sethi623@fotdu.edu.in","Diya Sethi","Alumni","693518dfbd14f512f99e1d72","2019-12-02T18:30:00.000Z"
"suresh.srivastava806@fotdu.edu.in","Suresh Srivastava","Alumni","693518dfbd14f512f99e1d82","2022-12-25T18:30:00.000Z"
"saraswati.gupta559@fotdu.edu.in","Saraswati Gupta","Alumni","693518dfbd14f512f99e1d90","2020-11-11T18:30:00.000Z"
"gayatri.iyer325@fotdu.edu.in","Gayatri Iyer","Alumni","693518dfbd14f512f99e1d9d","2019-02-14T18:30:00.000Z"
"aarav.chatterjee466@fotdu.edu.in","Aarav Chatterjee","Alumni","693518dfbd14f512f99e1da7","2019-01-25T18:30:00.000Z"
"tanya.chopra850@fotdu.edu.in","Tanya Chopra","Alumni","693518dfbd14f512f99e1db4","2020-05-24T18:30:00.000Z"
"kabir.khanna161@fotdu.edu.in","Kabir Khanna","Alumni","693518dfbd14f512f99e1dc1","2023-10-19T18:30:00.000Z"
"anika.bose165@fotdu.edu.in","Anika Bose","Alumni","693518dfbd14f512f99e1dd0","2020-02-22T18:30:00.000Z"
"advait.khanna79@fotdu.edu.in","Advait Khanna","Alumni","693518e0bd14f512f99e1ddf","2022-01-08T18:30:00.000Z"
"karthik.kulkarni985@fotdu.edu.in","Karthik Kulkarni","Alumni","693518e0bd14f512f99e1dee","2021-08-04T18:30:00.000Z"
"sai.mishra741@fotdu.edu.in","Sai Mishra","Alumni","693518e0bd14f512f99e1dfd","2022-03-12T18:30:00.000Z"
"kabir.patil125@fotdu.edu.in","Kabir Patil","Alumni","693518e0bd14f512f99e1e0c","2022-07-18T18:30:00.000Z"
"simran.tiwari324@fotdu.edu.in","Simran Tiwari","Alumni","693518e0bd14f512f99e1e19","2021-12-31T18:30:00.000Z"
"ira.das327@fotdu.edu.in","Ira Das","Alumni","693518e0bd14f512f99e1e29","2022-04-14T18:30:00.000Z"
"advait.deshpande324@fotdu.edu.in","Advait Deshpande","Alumni","693518e0bd14f512f99e1e39","2023-05-17T18:30:00.000Z"
"varun.shukla249@fotdu.edu.in","Varun Shukla","Alumni","693518e1bd14f512f99e1e49","2019-03-18T18:30:00.000Z"
"dhruv.agarwal164@fotdu.edu.in","Dhruv Agarwal","Alumni","693518e1bd14f512f99e1e59","2022-10-15T18:30:00.000Z"
"anika.mukherjee202@fotdu.edu.in","Anika Mukherjee","Alumni","693518e1bd14f512f99e1e66","2019-10-27T18:30:00.000Z"
"ravi.sen255@fotdu.edu.in","Ravi Sen","Alumni","693518e1bd14f512f99e1e74","2020-05-24T18:30:00.000Z"
"ankit.mehra594@fotdu.edu.in","Ankit Mehra","Alumni","693518e1bd14f512f99e1e83","2023-12-25T18:30:00.000Z"
"arun.das115@fotdu.edu.in","Arun Das","Alumni","693518e1bd14f512f99e1e93","2021-11-21T18:30:00.000Z"
"drishti.sharma303@fotdu.edu.in","Drishti Sharma","Student","693518ffbd14f512f99e2bb0","2021-07-08T18:30:00.000Z"
"manoj.goel446@fotdu.edu.in","Manoj Goel","Student","69351900bd14f512f99e2bb3","2024-07-15T18:30:00.000Z"
"amit.chopra52@fotdu.edu.in","Amit Chopra","Student","69351900bd14f512f99e2bb6","2021-09-16T18:30:00.000Z"
"ayaan.dubey718@fotdu.edu.in","Ayaan Dubey","Student","69351900bd14f512f99e2bb9","2021-08-06T18:30:00.000Z"
"kian.dubey271@fotdu.edu.in","Kian Dubey","Student","69351900bd14f512f99e2bbc","2022-09-07T18:30:00.000Z"
"venkat.kumar491@fotdu.edu.in","Venkat Kumar","Student","69351900bd14f512f99e2bbf","2021-07-28T18:30:00.000Z"
"arun.sen4@fotdu.edu.in","Arun Sen","Student","69351900bd14f512f99e2bc2","2023-09-16T18:30:00.000Z"
"aanya.sharma323@fotdu.edu.in","Aanya Sharma","Student","69351900bd14f512f99e2bc5","2022-07-13T18:30:00.000Z"
"meera.das429@fotdu.edu.in","Meera Das","Student","69351900bd14f512f99e2bc8","2023-09-14T18:30:00.000Z"
"sahil.das25@fotdu.edu.in","Sahil Das","Student","69351900bd14f512f99e2bcb","2023-07-16T18:30:00.000Z"
"pradeep.tiwari448@fotdu.edu.in","Pradeep Tiwari","Student","69351900bd14f512f99e2bce","2022-09-08T18:30:00.000Z"
"ravi.shukla357@fotdu.edu.in","Ravi Shukla","Student","69351900bd14f512f99e2bd1","2021-09-29T18:30:00.000Z"
"tarun.sharma491@fotdu.edu.in","Tarun Sharma","Student","69351900bd14f512f99e2bd4","2022-09-01T18:30:00.000Z"
"saraswati.malhotra487@fotdu.edu.in","Saraswati Malhotra","Student","69351900bd14f512f99e2bd7","2023-07-18T18:30:00.000Z"
"prasad.kapoor653@fotdu.edu.in","Prasad Kapoor","Student","69351901bd14f512f99e2bda","2021-08-29T18:30:00.000Z"
"bhavya.banerjee227@fotdu.edu.in","Bhavya Banerjee","Student","69351901bd14f512f99e2bdd","2022-08-13T18:30:00.000Z"
"riya.banerjee336@fotdu.edu.in","Riya Banerjee","Student","69351901bd14f512f99e2be0","2023-09-18T18:30:00.000Z"
"pradeep.patil786@fotdu.edu.in","Pradeep Patil","Student","69351901bd14f512f99e2be3","2021-09-27T18:30:00.000Z"
"sunil.iyer198@fotdu.edu.in","Sunil Iyer","Student","69351901bd14f512f99e2be6","2022-07-09T18:30:00.000Z"
"ankit.patil557@fotdu.edu.in","Ankit Patil","Student","69351901bd14f512f99e2be9","2024-08-31T18:30:00.000Z"
"pihu.pillai57@fotdu.edu.in","Pihu Pillai","Student","69351901bd14f512f99e2bec","2021-08-05T18:30:00.000Z"
"harish.chatterjee216@fotdu.edu.in","Harish Chatterjee","Student","69351901bd14f512f99e2bef","2021-08-17T18:30:00.000Z"
"ira.iyer19@fotdu.edu.in","Ira Iyer","Student","69351901bd14f512f99e2bf2","2023-07-04T18:30:00.000Z"
"sahil.srivastava321@fotdu.edu.in","Sahil Srivastava","Student","69351901bd14f512f99e2bf5","2022-07-03T18:30:00.000Z"
"mahi.yadav902@fotdu.edu.in","Mahi Yadav","Student","69351901bd14f512f99e2bf8","2023-07-05T18:30:00.000Z"
"anika.verma656@fotdu.edu.in","Anika Verma","Student","69351901bd14f512f99e2bfb","2024-08-06T18:30:00.000Z"
"pradeep.gupta504@fotdu.edu.in","Pradeep Gupta","Student","69351901bd14f512f99e2bfe","2024-09-04T18:30:00.000Z"
"riya.yadav890@fotdu.edu.in","Riya Yadav","Student","69351902bd14f512f99e2c01","2021-08-17T18:30:00.000Z"
"sanjay.mehra939@fotdu.edu.in","Sanjay Mehra","Student","69351902bd14f512f99e2c04","2021-08-13T18:30:00.000Z"
"anjali.mukherjee351@fotdu.edu.in","Anjali Mukherjee","Student","69351902bd14f512f99e2c07","2021-09-11T18:30:00.000Z"
"ankit.patel178@fotdu.edu.in","Ankit Patel","Student","69351902bd14f512f99e2c0a","2024-08-01T18:30:00.000Z"
"tarun.ghosh592@fotdu.edu.in","Tarun Ghosh","Student","69351902bd14f512f99e2c0d","2023-08-01T18:30:00.000Z"
"meera.dubey7@fotdu.edu.in","Meera Dubey","Student","69351902bd14f512f99e2c10","2022-08-09T18:30:00.000Z"
"kritika.yadav276@fotdu.edu.in","Kritika Yadav","Student","69351902bd14f512f99e2c13","2022-07-06T18:30:00.000Z"
"darsh.banerjee436@fotdu.edu.in","Darsh Banerjee","Student","69351902bd14f512f99e2c16","2022-07-02T18:30:00.000Z"
"ayaan.malhotra20@fotdu.edu.in","Ayaan Malhotra","Student","69351902bd14f512f99e2c19","2023-07-19T18:30:00.000Z"
"navya.agarwal212@fotdu.edu.in","Navya Agarwal","Student","69351902bd14f512f99e2c1c","2023-09-16T18:30:00.000Z"
"sanjay.agarwal511@fotdu.edu.in","Sanjay Agarwal","Student","69351902bd14f512f99e2c1f","2024-08-18T18:30:00.000Z"
"veer.nair479@fotdu.edu.in","Veer Nair","Student","69351902bd14f512f99e2c22","2021-08-27T18:30:00.000Z"
"nisha.bhatia669@fotdu.edu.in","Nisha Bhatia","Student","69351903bd14f512f99e2c25","2024-07-22T18:30:00.000Z"
"charvi.pawar576@stephensdu.edu.in","Charvi Pawar","Alumni","693518e2bd14f512f99e1ea3","2021-05-15T18:30:00.000Z"
"kritika.reddy691@stephensdu.edu.in","Kritika Reddy","Alumni","693518e2bd14f512f99e1eb0","2019-08-02T18:30:00.000Z"
"aditya.patil699@stephensdu.edu.in","Aditya Patil","Alumni","693518e2bd14f512f99e1ec0","2021-08-12T18:30:00.000Z"
"kajal.nair157@stephensdu.edu.in","Kajal Nair","Alumni","693518e2bd14f512f99e1ed0","2020-07-10T18:30:00.000Z"
"nisha.jain629@stephensdu.edu.in","Nisha Jain","Alumni","693518e2bd14f512f99e1edd","2022-01-07T18:30:00.000Z"
"sunil.banerjee26@stephensdu.edu.in","Sunil Banerjee","Alumni","693518e2bd14f512f99e1eea","2021-01-07T18:30:00.000Z"
"mohit.menon670@stephensdu.edu.in","Mohit Menon","Alumni","693518e2bd14f512f99e1ef7","2022-01-11T18:30:00.000Z"
"kunal.sharma832@stephensdu.edu.in","Kunal Sharma","Alumni","693518e3bd14f512f99e1f07","2019-02-13T18:30:00.000Z"
"pallavi.patel690@stephensdu.edu.in","Pallavi Patel","Alumni","693518e3bd14f512f99e1f17","2020-12-14T18:30:00.000Z"
"kian.sethi797@stephensdu.edu.in","Kian Sethi","Alumni","693518e3bd14f512f99e1f23","2021-02-01T18:30:00.000Z"
"diya.chopra859@stephensdu.edu.in","Diya Chopra","Alumni","693518e3bd14f512f99e1f32","2020-06-08T18:30:00.000Z"
"nikhil.khanna234@stephensdu.edu.in","Nikhil Khanna","Alumni","693518e3bd14f512f99e1f3f","2021-12-16T18:30:00.000Z"
"karthik.yadav534@stephensdu.edu.in","Karthik Yadav","Alumni","693518e3bd14f512f99e1f4e","2022-01-03T18:30:00.000Z"
"dhruv.chauhan737@stephensdu.edu.in","Dhruv Chauhan","Alumni","693518e3bd14f512f99e1f5d","2020-06-23T18:30:00.000Z"
"kajal.deshpande647@stephensdu.edu.in","Kajal Deshpande","Alumni","693518e4bd14f512f99e1f6b","2019-12-02T18:30:00.000Z"
"reyansh.verma320@stephensdu.edu.in","Reyansh Verma","Alumni","693518e4bd14f512f99e1f7a","2023-02-26T18:30:00.000Z"
"mansi.mehra506@stephensdu.edu.in","Mansi Mehra","Alumni","693518e4bd14f512f99e1f89","2021-01-31T18:30:00.000Z"
"akash.anand955@stephensdu.edu.in","Akash Anand","Alumni","693518e4bd14f512f99e1f93","2022-11-01T18:30:00.000Z"
"tanya.tiwari425@stephensdu.edu.in","Tanya Tiwari","Alumni","693518e4bd14f512f99e1fa1","2022-01-25T18:30:00.000Z"
"bhavya.bose701@stephensdu.edu.in","Bhavya Bose","Alumni","693518e4bd14f512f99e1fae","2020-01-08T18:30:00.000Z"
"gayatri.iyengar624@stephensdu.edu.in","Gayatri Iyengar","Alumni","693518e4bd14f512f99e1fbd","2021-05-19T18:30:00.000Z"
"krishna.agarwal64@stephensdu.edu.in","Krishna Agarwal","Alumni","693518e5bd14f512f99e1fc8","2023-10-19T18:30:00.000Z"
"ravi.pandey689@stephensdu.edu.in","Ravi Pandey","Alumni","693518e5bd14f512f99e1fd8","2023-11-20T18:30:00.000Z"
"venkat.singh763@stephensdu.edu.in","Venkat Singh","Alumni","693518e5bd14f512f99e1fe7","2019-05-22T18:30:00.000Z"
"shruti.tiwari25@stephensdu.edu.in","Shruti Tiwari","Alumni","693518e5bd14f512f99e1ff7","2020-12-08T18:30:00.000Z"
"yash.srivastava223@stephensdu.edu.in","Yash Srivastava","Alumni","693518e5bd14f512f99e2007","2019-06-25T18:30:00.000Z"
"bhavya.chopra590@stephensdu.edu.in","Bhavya Chopra","Alumni","693518e5bd14f512f99e2013","2021-07-25T18:30:00.000Z"
"ishita.tiwari522@stephensdu.edu.in","Ishita Tiwari","Alumni","693518e5bd14f512f99e2022","2021-11-26T18:30:00.000Z"
"sanjay.yadav342@stephensdu.edu.in","Sanjay Yadav","Alumni","693518e5bd14f512f99e202e","2021-06-17T18:30:00.000Z"
"sunil.mukherjee671@stephensdu.edu.in","Sunil Mukherjee","Alumni","693518e5bd14f512f99e203a","2023-06-04T18:30:00.000Z"
"priya.tiwari836@stephensdu.edu.in","Priya Tiwari","Alumni","693518e6bd14f512f99e2047","2021-02-23T18:30:00.000Z"
"shaurya.patil740@stephensdu.edu.in","Shaurya Patil","Alumni","693518e6bd14f512f99e2057","2023-06-13T18:30:00.000Z"
"ishaan.iyengar225@stephensdu.edu.in","Ishaan Iyengar","Alumni","693518e6bd14f512f99e2066","2023-03-22T18:30:00.000Z"
"arjun.patil3@stephensdu.edu.in","Arjun Patil","Alumni","693518e6bd14f512f99e2076","2023-10-17T18:30:00.000Z"
"vivaan.jain165@stephensdu.edu.in","Vivaan Jain","Alumni","693518e6bd14f512f99e2083","2021-12-14T18:30:00.000Z"
"rohit.sethi641@stephensdu.edu.in","Rohit Sethi","Alumni","693518e6bd14f512f99e2090","2020-06-25T18:30:00.000Z"
"mansi.malhotra40@stephensdu.edu.in","Mansi Malhotra","Alumni","693518e6bd14f512f99e209f","2022-08-11T18:30:00.000Z"
"venkat.chatterjee224@stephensdu.edu.in","Venkat Chatterjee","Alumni","693518e7bd14f512f99e20af","2022-05-02T18:30:00.000Z"
"pihu.joshi70@stephensdu.edu.in","Pihu Joshi","Alumni","693518e7bd14f512f99e20bc","2019-09-14T18:30:00.000Z"
"bhavya.banerjee172@stephensdu.edu.in","Bhavya Banerjee","Alumni","693518e7bd14f512f99e20c8","2021-03-24T18:30:00.000Z"
"arun.jain770@stephensdu.edu.in","Arun Jain","Alumni","693518e7bd14f512f99e20d7","2022-09-05T18:30:00.000Z"
"reyansh.yadav938@stephensdu.edu.in","Reyansh Yadav","Alumni","693518e7bd14f512f99e20e7","2023-08-31T18:30:00.000Z"
"vrinda.deshpande968@stephensdu.edu.in","Vrinda Deshpande","Alumni","693518e7bd14f512f99e20f1","2021-05-06T18:30:00.000Z"
"kabir.verma329@stephensdu.edu.in","Kabir Verma","Alumni","693518e7bd14f512f99e2100","2021-07-11T18:30:00.000Z"
"mohit.kapoor111@stephensdu.edu.in","Mohit Kapoor","Alumni","693518e7bd14f512f99e2110","2023-11-08T18:30:00.000Z"
"reyansh.shukla86@stephensdu.edu.in","Reyansh Shukla","Alumni","693518e8bd14f512f99e211d","2021-10-24T18:30:00.000Z"
"ishita.goel902@stephensdu.edu.in","Ishita Goel","Alumni","693518e8bd14f512f99e212a","2019-10-02T18:30:00.000Z"
"sahil.pandey535@stephensdu.edu.in","Sahil Pandey","Alumni","693518e8bd14f512f99e2139","2019-02-05T18:30:00.000Z"
"ankit.menon611@stephensdu.edu.in","Ankit Menon","Alumni","693518e8bd14f512f99e2148","2023-08-04T18:30:00.000Z"
"nikhil.kumar698@stephensdu.edu.in","Nikhil Kumar","Alumni","693518e8bd14f512f99e2158","2020-04-08T18:30:00.000Z"
"riddhi.deshpande169@stephensdu.edu.in","Riddhi Deshpande","Alumni","693518e8bd14f512f99e2167","2021-01-16T18:30:00.000Z"
"rahul.kumar791@stephensdu.edu.in","Rahul Kumar","Alumni","693518e8bd14f512f99e2177","2020-11-10T18:30:00.000Z"
"sneha.reddy158@stephensdu.edu.in","Sneha Reddy","Alumni","693518e8bd14f512f99e2184","2019-10-31T18:30:00.000Z"
"naveen.sethi110@stephensdu.edu.in","Naveen Sethi","Alumni","693518e9bd14f512f99e2191","2023-01-19T18:30:00.000Z"
"darsh.mukherjee665@stephensdu.edu.in","Darsh Mukherjee","Alumni","693518e9bd14f512f99e219b","2023-09-18T18:30:00.000Z"
"mansi.kulkarni715@stephensdu.edu.in","Mansi Kulkarni","Alumni","693518e9bd14f512f99e21ab","2023-07-26T18:30:00.000Z"
"kian.shukla274@stephensdu.edu.in","Kian Shukla","Alumni","693518e9bd14f512f99e21bb","2023-01-03T18:30:00.000Z"
"vrinda.mukherjee387@stephensdu.edu.in","Vrinda Mukherjee","Alumni","693518e9bd14f512f99e21c7","2023-09-27T18:30:00.000Z"
"reyansh.mehra475@stephensdu.edu.in","Reyansh Mehra","Alumni","693518e9bd14f512f99e21d7","2021-08-16T18:30:00.000Z"
"charvi.joshi406@stephensdu.edu.in","Charvi Joshi","Alumni","693518e9bd14f512f99e21e7","2022-01-11T18:30:00.000Z"
"rajesh.arora801@stephensdu.edu.in","Rajesh Arora","Student","69351903bd14f512f99e2c28","2024-09-12T18:30:00.000Z"
"dhruv.kumar471@stephensdu.edu.in","Dhruv Kumar","Student","69351903bd14f512f99e2c2b","2023-09-08T18:30:00.000Z"
"arun.thakur267@stephensdu.edu.in","Arun Thakur","Student","69351903bd14f512f99e2c2e","2024-08-13T18:30:00.000Z"
"karthik.anand478@stephensdu.edu.in","Karthik Anand","Student","69351903bd14f512f99e2c31","2023-09-09T18:30:00.000Z"
"krishna.khanna541@stephensdu.edu.in","Krishna Khanna","Student","69351903bd14f512f99e2c34","2021-07-23T18:30:00.000Z"
"shanaya.das31@stephensdu.edu.in","Shanaya Das","Student","69351903bd14f512f99e2c37","2024-07-26T18:30:00.000Z"
"aarav.pandey195@stephensdu.edu.in","Aarav Pandey","Student","69351903bd14f512f99e2c3a","2024-09-05T18:30:00.000Z"
"aadhya.mukherjee184@stephensdu.edu.in","Aadhya Mukherjee","Student","69351903bd14f512f99e2c3d","2024-08-20T18:30:00.000Z"
"arun.dhawan977@stephensdu.edu.in","Arun Dhawan","Student","69351903bd14f512f99e2c40","2023-09-27T18:30:00.000Z"
"krishna.joshi581@stephensdu.edu.in","Krishna Joshi","Student","69351903bd14f512f99e2c43","2022-08-11T18:30:00.000Z"
"kian.bhatia842@stephensdu.edu.in","Kian Bhatia","Student","69351903bd14f512f99e2c46","2023-09-11T18:30:00.000Z"
"krishna.sen344@stephensdu.edu.in","Krishna Sen","Student","69351903bd14f512f99e2c49","2023-07-13T18:30:00.000Z"
"darsh.sen232@stephensdu.edu.in","Darsh Sen","Student","69351904bd14f512f99e2c4c","2023-08-18T18:30:00.000Z"
"aadhya.goel926@stephensdu.edu.in","Aadhya Goel","Student","69351904bd14f512f99e2c4f","2024-08-09T18:30:00.000Z"
"sneha.pandey951@stephensdu.edu.in","Sneha Pandey","Student","69351904bd14f512f99e2c52","2021-07-12T18:30:00.000Z"
"ishaan.dhawan471@stephensdu.edu.in","Ishaan Dhawan","Student","69351904bd14f512f99e2c55","2022-08-12T18:30:00.000Z"
"kumar.mishra615@stephensdu.edu.in","Kumar Mishra","Student","69351904bd14f512f99e2c58","2024-08-02T18:30:00.000Z"
"rohan.pillai562@stephensdu.edu.in","Rohan Pillai","Student","69351904bd14f512f99e2c5b","2022-09-24T18:30:00.000Z"
"shanaya.jain693@stephensdu.edu.in","Shanaya Jain","Student","69351904bd14f512f99e2c5e","2024-08-15T18:30:00.000Z"
"shaurya.verma449@stephensdu.edu.in","Shaurya Verma","Student","69351904bd14f512f99e2c61","2021-07-03T18:30:00.000Z"
"prasad.chatterjee564@stephensdu.edu.in","Prasad Chatterjee","Student","69351904bd14f512f99e2c64","2023-08-28T18:30:00.000Z"
"ankit.jain43@stephensdu.edu.in","Ankit Jain","Student","69351904bd14f512f99e2c67","2023-08-25T18:30:00.000Z"
"myra.kulkarni826@stephensdu.edu.in","Myra Kulkarni","Student","69351904bd14f512f99e2c6a","2021-09-17T18:30:00.000Z"
"myra.dubey82@stephensdu.edu.in","Myra Dubey","Student","69351904bd14f512f99e2c6d","2022-09-14T18:30:00.000Z"
"aditya.pillai590@stephensdu.edu.in","Aditya Pillai","Student","69351905bd14f512f99e2c70","2022-08-12T18:30:00.000Z"
"priya.reddy593@stephensdu.edu.in","Priya Reddy","Student","69351905bd14f512f99e2c73","2023-07-29T18:30:00.000Z"
"padma.anand6@stephensdu.edu.in","Padma Anand","Student","69351905bd14f512f99e2c76","2021-09-23T18:30:00.000Z"
"varun.patel927@stephensdu.edu.in","Varun Patel","Student","69351905bd14f512f99e2c79","2023-09-23T18:30:00.000Z"
"dhruv.iyengar103@stephensdu.edu.in","Dhruv Iyengar","Student","69351905bd14f512f99e2c7c","2024-08-07T18:30:00.000Z"
"arun.kumar345@stephensdu.edu.in","Arun Kumar","Student","69351905bd14f512f99e2c7f","2023-09-21T18:30:00.000Z"
"vihaan.verma626@stephensdu.edu.in","Vihaan Verma","Student","69351905bd14f512f99e2c82","2024-09-21T18:30:00.000Z"
"suresh.pillai192@stephensdu.edu.in","Suresh Pillai","Student","69351905bd14f512f99e2c85","2022-08-03T18:30:00.000Z"
"aditya.bose983@stephensdu.edu.in","Aditya Bose","Student","69351905bd14f512f99e2c88","2023-07-19T18:30:00.000Z"
"krishna.kulkarni641@stephensdu.edu.in","Krishna Kulkarni","Student","69351905bd14f512f99e2c8b","2021-09-19T18:30:00.000Z"
"pradeep.chavan844@stephensdu.edu.in","Pradeep Chavan","Student","69351905bd14f512f99e2c8e","2022-09-12T18:30:00.000Z"
"anika.kumar613@stephensdu.edu.in","Anika Kumar","Student","69351905bd14f512f99e2c91","2021-08-12T18:30:00.000Z"
"pihu.reddy933@stephensdu.edu.in","Pihu Reddy","Student","69351905bd14f512f99e2c94","2021-08-11T18:30:00.000Z"
"ananya.deshmukh197@stephensdu.edu.in","Ananya Deshmukh","Student","69351905bd14f512f99e2c97","2023-07-15T18:30:00.000Z"
"naveen.singh880@stephensdu.edu.in","Naveen Singh","Student","69351906bd14f512f99e2c9a","2023-07-28T18:30:00.000Z"
"yash.pillai608@stephensdu.edu.in","Yash Pillai","Student","69351906bd14f512f99e2c9d","2024-07-23T18:30:00.000Z"
"deepika.das988@srccdu.edu.in","Deepika Das","Alumni","693518eabd14f512f99e21f7","2019-06-15T18:30:00.000Z"
"rohit.sen775@srccdu.edu.in","Rohit Sen","Alumni","693518eabd14f512f99e2203","2021-08-22T18:30:00.000Z"
"siddhi.mehra836@srccdu.edu.in","Siddhi Mehra","Alumni","693518eabd14f512f99e220f","2023-07-15T18:30:00.000Z"
"veer.iyer550@srccdu.edu.in","Veer Iyer","Alumni","693518eabd14f512f99e221c","2023-04-12T18:30:00.000Z"
"deepak.das37@srccdu.edu.in","Deepak Das","Alumni","693518eabd14f512f99e2228","2022-02-27T18:30:00.000Z"
"manoj.rao260@srccdu.edu.in","Manoj Rao","Alumni","693518eabd14f512f99e2234","2019-06-23T18:30:00.000Z"
"asha.anand808@srccdu.edu.in","Asha Anand","Alumni","693518eabd14f512f99e2241","2021-08-23T18:30:00.000Z"
"sahil.dhawan636@srccdu.edu.in","Sahil Dhawan","Alumni","693518eabd14f512f99e2251","2019-10-23T18:30:00.000Z"
"aarav.iyer199@srccdu.edu.in","Aarav Iyer","Alumni","693518eabd14f512f99e225d","2020-05-15T18:30:00.000Z"
"anjali.bose698@srccdu.edu.in","Anjali Bose","Alumni","693518eabd14f512f99e226d","2021-04-26T18:30:00.000Z"
"atharva.pandey997@srccdu.edu.in","Atharva Pandey","Alumni","693518eabd14f512f99e227a","2023-01-24T18:30:00.000Z"
"sahil.thakur566@srccdu.edu.in","Sahil Thakur","Alumni","693518ebbd14f512f99e2287","2023-11-17T18:30:00.000Z"
"kiara.anand763@srccdu.edu.in","Kiara Anand","Alumni","693518ebbd14f512f99e2295","2021-09-30T18:30:00.000Z"
"harish.mukherjee223@srccdu.edu.in","Harish Mukherjee","Alumni","693518ebbd14f512f99e22a4","2021-04-05T18:30:00.000Z"
"yamini.iyer981@srccdu.edu.in","Yamini Iyer","Alumni","693518ebbd14f512f99e22b4","2021-02-10T18:30:00.000Z"
"tanya.menon870@srccdu.edu.in","Tanya Menon","Alumni","693518ebbd14f512f99e22c0","2022-01-06T18:30:00.000Z"
"aarush.arora603@srccdu.edu.in","Aarush Arora","Alumni","693518ebbd14f512f99e22cd","2021-05-14T18:30:00.000Z"
"ishita.chavan838@srccdu.edu.in","Ishita Chavan","Alumni","693518ebbd14f512f99e22d9","2023-05-02T18:30:00.000Z"
"prasad.anand411@srccdu.edu.in","Prasad Anand","Alumni","693518ebbd14f512f99e22e8","2020-02-18T18:30:00.000Z"
"divya.deshpande429@srccdu.edu.in","Divya Deshpande","Alumni","693518ecbd14f512f99e22f7","2021-01-03T18:30:00.000Z"
"pihu.tiwari262@srccdu.edu.in","Pihu Tiwari","Alumni","693518ecbd14f512f99e2304","2019-05-21T18:30:00.000Z"
"tanya.bose641@srccdu.edu.in","Tanya Bose","Alumni","693518ecbd14f512f99e2310","2022-06-11T18:30:00.000Z"
"anika.deshpande517@srccdu.edu.in","Anika Deshpande","Alumni","693518ecbd14f512f99e2320","2021-11-12T18:30:00.000Z"
"aarush.srivastava623@srccdu.edu.in","Aarush Srivastava","Alumni","693518ecbd14f512f99e232c","2020-06-10T18:30:00.000Z"
"sunil.iyengar905@srccdu.edu.in","Sunil Iyengar","Alumni","693518ecbd14f512f99e233c","2023-04-14T18:30:00.000Z"
"vivaan.nair185@srccdu.edu.in","Vivaan Nair","Alumni","693518ecbd14f512f99e234c","2022-12-07T18:30:00.000Z"
"venkat.patil848@srccdu.edu.in","Venkat Patil","Alumni","693518ecbd14f512f99e2359","2023-03-11T18:30:00.000Z"
"tarun.verma770@srccdu.edu.in","Tarun Verma","Alumni","693518edbd14f512f99e2368","2021-07-18T18:30:00.000Z"
"nisha.menon408@srccdu.edu.in","Nisha Menon","Alumni","693518edbd14f512f99e2378","2019-09-13T18:30:00.000Z"
"kumar.sharma438@srccdu.edu.in","Kumar Sharma","Alumni","693518edbd14f512f99e2384","2020-09-01T18:30:00.000Z"
"yamini.deshmukh497@srccdu.edu.in","Yamini Deshmukh","Alumni","693518edbd14f512f99e2393","2023-08-08T18:30:00.000Z"
"rajesh.patel34@srccdu.edu.in","Rajesh Patel","Alumni","693518edbd14f512f99e239f","2023-10-21T18:30:00.000Z"
"rahul.sen847@srccdu.edu.in","Rahul Sen","Alumni","693518edbd14f512f99e23ab","2022-11-25T18:30:00.000Z"
"yamini.agarwal344@srccdu.edu.in","Yamini Agarwal","Alumni","693518edbd14f512f99e23b7","2022-08-12T18:30:00.000Z"
"ravi.thakur864@srccdu.edu.in","Ravi Thakur","Alumni","693518edbd14f512f99e23c7","2020-11-30T18:30:00.000Z"
"sana.singh794@srccdu.edu.in","Sana Singh","Alumni","693518edbd14f512f99e23d3","2022-12-07T18:30:00.000Z"
"manoj.tiwari626@srccdu.edu.in","Manoj Tiwari","Alumni","693518eebd14f512f99e23e0","2020-05-11T18:30:00.000Z"
"ravi.arora172@srccdu.edu.in","Ravi Arora","Alumni","693518eebd14f512f99e23ed","2021-04-02T18:30:00.000Z"
"kabir.mishra150@srccdu.edu.in","Kabir Mishra","Alumni","693518eebd14f512f99e23fc","2019-02-17T18:30:00.000Z"
"tanya.yadav362@srccdu.edu.in","Tanya Yadav","Alumni","693518eebd14f512f99e2409","2021-09-19T18:30:00.000Z"
"sahil.tiwari258@srccdu.edu.in","Sahil Tiwari","Alumni","693518eebd14f512f99e2416","2021-03-10T18:30:00.000Z"
"kian.sethi930@srccdu.edu.in","Kian Sethi","Alumni","693518eebd14f512f99e2423","2023-12-17T18:30:00.000Z"
"sanjay.joshi85@srccdu.edu.in","Sanjay Joshi","Alumni","693518eebd14f512f99e2430","2022-09-19T18:30:00.000Z"
"ishaan.khanna899@srccdu.edu.in","Ishaan Khanna","Alumni","693518eebd14f512f99e243e","2019-04-03T18:30:00.000Z"
"siddhi.mukherjee383@srccdu.edu.in","Siddhi Mukherjee","Alumni","693518efbd14f512f99e244e","2023-09-03T18:30:00.000Z"
"venkat.mehra417@srccdu.edu.in","Venkat Mehra","Alumni","693518efbd14f512f99e245a","2021-11-06T18:30:00.000Z"
"lakshmi.rao937@srccdu.edu.in","Lakshmi Rao","Alumni","693518efbd14f512f99e246a","2019-01-01T18:30:00.000Z"
"prasad.iyer332@srccdu.edu.in","Prasad Iyer","Alumni","693518efbd14f512f99e2477","2021-03-20T18:30:00.000Z"
"sahil.nair377@srccdu.edu.in","Sahil Nair","Alumni","693518efbd14f512f99e2484","2021-11-16T18:30:00.000Z"
"shanaya.goel459@srccdu.edu.in","Shanaya Goel","Alumni","693518efbd14f512f99e2494","2021-06-17T18:30:00.000Z"
"aadhya.arora511@srccdu.edu.in","Aadhya Arora","Alumni","693518efbd14f512f99e24a3","2021-07-03T18:30:00.000Z"
"charvi.singh356@srccdu.edu.in","Charvi Singh","Alumni","693518efbd14f512f99e24b2","2023-01-25T18:30:00.000Z"
"shruti.dhawan134@srccdu.edu.in","Shruti Dhawan","Alumni","693518f0bd14f512f99e24c1","2019-07-24T18:30:00.000Z"
"sanjay.yadav752@srccdu.edu.in","Sanjay Yadav","Alumni","693518f0bd14f512f99e24cd","2020-11-08T18:30:00.000Z"
"kumar.patel932@srccdu.edu.in","Kumar Patel","Alumni","693518f0bd14f512f99e24d7","2022-05-03T18:30:00.000Z"
"asha.bhatia481@srccdu.edu.in","Asha Bhatia","Alumni","693518f0bd14f512f99e24e6","2020-12-08T18:30:00.000Z"
"manoj.bajaj991@srccdu.edu.in","Manoj Bajaj","Alumni","693518f0bd14f512f99e24f5","2019-09-06T18:30:00.000Z"
"mahi.tiwari654@srccdu.edu.in","Mahi Tiwari","Alumni","693518f0bd14f512f99e2503","2019-09-04T18:30:00.000Z"
"vihaan.chavan786@srccdu.edu.in","Vihaan Chavan","Alumni","693518f0bd14f512f99e2510","2020-07-17T18:30:00.000Z"
"aishwarya.rao833@srccdu.edu.in","Aishwarya Rao","Alumni","693518f0bd14f512f99e251c","2020-07-13T18:30:00.000Z"
"ritvik.ghosh859@srccdu.edu.in","Ritvik Ghosh","Student","69351906bd14f512f99e2ca0","2023-09-21T18:30:00.000Z"
"reyansh.pillai966@srccdu.edu.in","Reyansh Pillai","Student","69351906bd14f512f99e2ca3","2022-09-21T18:30:00.000Z"
"rahul.deshmukh254@srccdu.edu.in","Rahul Deshmukh","Student","69351906bd14f512f99e2ca6","2023-08-08T18:30:00.000Z"
"asha.reddy186@srccdu.edu.in","Asha Reddy","Student","69351906bd14f512f99e2ca9","2021-09-12T18:30:00.000Z"
"siddhi.dhawan926@srccdu.edu.in","Siddhi Dhawan","Student","69351906bd14f512f99e2cac","2024-08-14T18:30:00.000Z"
"kiara.gupta351@srccdu.edu.in","Kiara Gupta","Student","69351906bd14f512f99e2caf","2023-08-11T18:30:00.000Z"
"ritvik.ghosh186@srccdu.edu.in","Ritvik Ghosh","Student","69351906bd14f512f99e2cb2","2024-09-20T18:30:00.000Z"
"rahul.tiwari466@srccdu.edu.in","Rahul Tiwari","Student","69351906bd14f512f99e2cb5","2024-07-01T18:30:00.000Z"
"naveen.agarwal249@srccdu.edu.in","Naveen Agarwal","Student","69351906bd14f512f99e2cb8","2024-07-19T18:30:00.000Z"
"mohit.shukla390@srccdu.edu.in","Mohit Shukla","Student","69351906bd14f512f99e2cbb","2023-09-25T18:30:00.000Z"
"bhavya.sen126@srccdu.edu.in","Bhavya Sen","Student","69351907bd14f512f99e2cbe","2023-09-19T18:30:00.000Z"
"deepika.patil971@srccdu.edu.in","Deepika Patil","Student","69351907bd14f512f99e2cc1","2024-07-26T18:30:00.000Z"
"sanjay.bajaj332@srccdu.edu.in","Sanjay Bajaj","Student","69351907bd14f512f99e2cc4","2024-07-10T18:30:00.000Z"
"saraswati.bhatia677@srccdu.edu.in","Saraswati Bhatia","Student","69351907bd14f512f99e2cc7","2022-08-27T18:30:00.000Z"
"pradeep.kapoor479@srccdu.edu.in","Pradeep Kapoor","Student","69351907bd14f512f99e2cca","2023-07-06T18:30:00.000Z"
"zara.iyer980@srccdu.edu.in","Zara Iyer","Student","69351907bd14f512f99e2ccd","2024-09-07T18:30:00.000Z"
"kian.kapoor909@srccdu.edu.in","Kian Kapoor","Student","69351907bd14f512f99e2cd0","2023-08-13T18:30:00.000Z"
"atharva.thakur658@srccdu.edu.in","Atharva Thakur","Student","69351907bd14f512f99e2cd3","2024-08-03T18:30:00.000Z"
"divya.kapoor49@srccdu.edu.in","Divya Kapoor","Student","69351907bd14f512f99e2cd6","2021-08-06T18:30:00.000Z"
"nisha.chatterjee485@srccdu.edu.in","Nisha Chatterjee","Student","69351907bd14f512f99e2cd9","2022-08-17T18:30:00.000Z"
"aarush.joshi574@srccdu.edu.in","Aarush Joshi","Student","69351907bd14f512f99e2cdc","2024-08-07T18:30:00.000Z"
"mohit.verma728@srccdu.edu.in","Mohit Verma","Student","69351907bd14f512f99e2cdf","2024-08-07T18:30:00.000Z"
"manoj.agarwal172@srccdu.edu.in","Manoj Agarwal","Student","69351907bd14f512f99e2ce2","2022-09-15T18:30:00.000Z"
"ananya.bhatia429@srccdu.edu.in","Ananya Bhatia","Student","69351908bd14f512f99e2ce5","2024-07-09T18:30:00.000Z"
"rajesh.deshpande856@srccdu.edu.in","Rajesh Deshpande","Student","69351908bd14f512f99e2ce8","2024-07-04T18:30:00.000Z"
"reyansh.bhatia273@srccdu.edu.in","Reyansh Bhatia","Student","69351908bd14f512f99e2ceb","2024-08-04T18:30:00.000Z"
"reyansh.pillai81@srccdu.edu.in","Reyansh Pillai","Student","69351908bd14f512f99e2cee","2022-08-27T18:30:00.000Z"
"venkat.rao667@srccdu.edu.in","Venkat Rao","Student","69351908bd14f512f99e2cf1","2023-09-11T18:30:00.000Z"
"pihu.sharma759@srccdu.edu.in","Pihu Sharma","Student","69351908bd14f512f99e2cf4","2024-08-07T18:30:00.000Z"
"anjali.goel620@srccdu.edu.in","Anjali Goel","Student","69351908bd14f512f99e2cf7","2022-09-22T18:30:00.000Z"
"saraswati.goel832@srccdu.edu.in","Saraswati Goel","Student","69351908bd14f512f99e2cfa","2023-09-28T18:30:00.000Z"
"veer.das991@srccdu.edu.in","Veer Das","Student","69351908bd14f512f99e2cfd","2024-09-21T18:30:00.000Z"
"shruti.bose323@srccdu.edu.in","Shruti Bose","Student","69351908bd14f512f99e2d00","2022-07-08T18:30:00.000Z"
"veer.agarwal805@srccdu.edu.in","Veer Agarwal","Student","69351908bd14f512f99e2d03","2022-07-24T18:30:00.000Z"
"priya.ghosh247@srccdu.edu.in","Priya Ghosh","Student","69351908bd14f512f99e2d06","2024-07-13T18:30:00.000Z"
"lakshmi.mehra701@srccdu.edu.in","Lakshmi Mehra","Student","69351909bd14f512f99e2d09","2022-07-16T18:30:00.000Z"
"aditya.shukla463@srccdu.edu.in","Aditya Shukla","Student","69351909bd14f512f99e2d0c","2021-07-01T18:30:00.000Z"
"advait.patil617@srccdu.edu.in","Advait Patil","Student","69351909bd14f512f99e2d0f","2022-08-28T18:30:00.000Z"
"divya.khanna598@srccdu.edu.in","Divya Khanna","Student","69351909bd14f512f99e2d12","2021-07-04T18:30:00.000Z"
"sanjay.arora171@srccdu.edu.in","Sanjay Arora","Student","69351909bd14f512f99e2d15","2022-09-03T18:30:00.000Z"
"mansi.yadav165@mirandadu.edu.in","Mansi Yadav","Alumni","693518f0bd14f512f99e2529","2022-02-17T18:30:00.000Z"
"yamini.tiwari657@mirandadu.edu.in","Yamini Tiwari","Alumni","693518f1bd14f512f99e2538","2019-12-03T18:30:00.000Z"
"nisha.deshpande506@mirandadu.edu.in","Nisha Deshpande","Alumni","693518f1bd14f512f99e2543","2021-03-04T18:30:00.000Z"
"ankit.pillai364@mirandadu.edu.in","Ankit Pillai","Alumni","693518f1bd14f512f99e254f","2021-01-04T18:30:00.000Z"
"harish.malhotra76@mirandadu.edu.in","Harish Malhotra","Alumni","693518f1bd14f512f99e255e","2023-02-16T18:30:00.000Z"
"darsh.agarwal971@mirandadu.edu.in","Darsh Agarwal","Alumni","693518f1bd14f512f99e256d","2022-01-27T18:30:00.000Z"
"pradeep.chavan607@mirandadu.edu.in","Pradeep Chavan","Alumni","693518f1bd14f512f99e2579","2021-09-04T18:30:00.000Z"
"kiara.sharma513@mirandadu.edu.in","Kiara Sharma","Alumni","693518f1bd14f512f99e2585","2021-07-02T18:30:00.000Z"
"tarun.sharma764@mirandadu.edu.in","Tarun Sharma","Alumni","693518f1bd14f512f99e2594","2022-03-21T18:30:00.000Z"
"vihaan.bhatia480@mirandadu.edu.in","Vihaan Bhatia","Alumni","693518f1bd14f512f99e25a4","2020-09-06T18:30:00.000Z"
"darsh.banerjee488@mirandadu.edu.in","Darsh Banerjee","Alumni","693518f2bd14f512f99e25b4","2020-12-23T18:30:00.000Z"
"pooja.mishra6@mirandadu.edu.in","Pooja Mishra","Alumni","693518f2bd14f512f99e25c4","2019-07-02T18:30:00.000Z"
"anjali.mukherjee726@mirandadu.edu.in","Anjali Mukherjee","Alumni","693518f2bd14f512f99e25d1","2022-04-14T18:30:00.000Z"
"reyansh.kapoor435@mirandadu.edu.in","Reyansh Kapoor","Alumni","693518f2bd14f512f99e25e0","2021-03-19T18:30:00.000Z"
"arjun.kumar581@mirandadu.edu.in","Arjun Kumar","Alumni","693518f2bd14f512f99e25f0","2019-04-20T18:30:00.000Z"
"ishita.mehra568@mirandadu.edu.in","Ishita Mehra","Alumni","693518f2bd14f512f99e2600","2023-03-10T18:30:00.000Z"
"sara.arora335@mirandadu.edu.in","Sara Arora","Alumni","693518f2bd14f512f99e260f","2023-06-06T18:30:00.000Z"
"ganesh.patel166@mirandadu.edu.in","Ganesh Patel","Alumni","693518f3bd14f512f99e261c","2021-09-02T18:30:00.000Z"
"reyansh.mehra835@mirandadu.edu.in","Reyansh Mehra","Alumni","693518f3bd14f512f99e262c","2023-04-03T18:30:00.000Z"
"bhavana.jain206@mirandadu.edu.in","Bhavana Jain","Alumni","693518f3bd14f512f99e263b","2022-07-18T18:30:00.000Z"
"reyansh.malhotra415@mirandadu.edu.in","Reyansh Malhotra","Alumni","693518f3bd14f512f99e2649","2021-07-23T18:30:00.000Z"
"priya.singh737@mirandadu.edu.in","Priya Singh","Alumni","693518f3bd14f512f99e2658","2020-04-30T18:30:00.000Z"
"krishna.iyengar445@mirandadu.edu.in","Krishna Iyengar","Alumni","693518f3bd14f512f99e2664","2023-04-25T18:30:00.000Z"
"harish.dubey915@mirandadu.edu.in","Harish Dubey","Alumni","693518f3bd14f512f99e2674","2020-11-06T18:30:00.000Z"
"venkat.deshmukh361@mirandadu.edu.in","Venkat Deshmukh","Alumni","693518f4bd14f512f99e2684","2022-03-17T18:30:00.000Z"
"kunal.thakur670@mirandadu.edu.in","Kunal Thakur","Alumni","693518f4bd14f512f99e2690","2022-05-24T18:30:00.000Z"
"vrinda.anand303@mirandadu.edu.in","Vrinda Anand","Alumni","693518f4bd14f512f99e269f","2019-06-07T18:30:00.000Z"
"neha.mehra499@mirandadu.edu.in","Neha Mehra","Alumni","693518f4bd14f512f99e26af","2021-09-30T18:30:00.000Z"
"ganesh.anand704@mirandadu.edu.in","Ganesh Anand","Alumni","693518f4bd14f512f99e26be","2020-04-24T18:30:00.000Z"
"amit.chavan873@mirandadu.edu.in","Amit Chavan","Alumni","693518f4bd14f512f99e26cb","2022-11-12T18:30:00.000Z"
"meera.chatterjee79@mirandadu.edu.in","Meera Chatterjee","Alumni","693518f4bd14f512f99e26da","2022-05-22T18:30:00.000Z"
"mohit.patel699@mirandadu.edu.in","Mohit Patel","Alumni","693518f5bd14f512f99e26ea","2019-09-09T18:30:00.000Z"
"anika.chavan813@mirandadu.edu.in","Anika Chavan","Alumni","693518f5bd14f512f99e26f9","2020-02-02T18:30:00.000Z"
"drishti.banerjee312@mirandadu.edu.in","Drishti Banerjee","Alumni","693518f5bd14f512f99e2706","2021-08-04T18:30:00.000Z"
"kavya.arora65@mirandadu.edu.in","Kavya Arora","Alumni","693518f5bd14f512f99e2716","2019-06-25T18:30:00.000Z"
"akash.joshi294@mirandadu.edu.in","Akash Joshi","Alumni","693518f5bd14f512f99e2722","2022-05-22T18:30:00.000Z"
"deepak.patel560@mirandadu.edu.in","Deepak Patel","Alumni","693518f5bd14f512f99e2731","2023-08-18T18:30:00.000Z"
"vihaan.pillai670@mirandadu.edu.in","Vihaan Pillai","Alumni","693518f5bd14f512f99e273d","2021-04-02T18:30:00.000Z"
"pallavi.ghosh573@mirandadu.edu.in","Pallavi Ghosh","Alumni","693518f5bd14f512f99e274d","2020-03-27T18:30:00.000Z"
"sai.thakur8@mirandadu.edu.in","Sai Thakur","Alumni","693518f5bd14f512f99e2758","2022-02-13T18:30:00.000Z"
"vikram.iyer44@mirandadu.edu.in","Vikram Iyer","Alumni","693518f6bd14f512f99e2768","2023-08-20T18:30:00.000Z"
"ishaan.dhawan790@mirandadu.edu.in","Ishaan Dhawan","Alumni","693518f6bd14f512f99e2775","2021-04-03T18:30:00.000Z"
"rahul.arora562@mirandadu.edu.in","Rahul Arora","Alumni","693518f6bd14f512f99e2783","2022-03-15T18:30:00.000Z"
"simran.srivastava363@mirandadu.edu.in","Simran Srivastava","Alumni","693518f6bd14f512f99e2793","2021-06-01T18:30:00.000Z"
"venkat.bhatia626@mirandadu.edu.in","Venkat Bhatia","Alumni","693518f6bd14f512f99e27a2","2023-08-21T18:30:00.000Z"
"sneha.das482@mirandadu.edu.in","Sneha Das","Alumni","693518f6bd14f512f99e27af","2019-12-31T18:30:00.000Z"
"gayatri.mehra470@mirandadu.edu.in","Gayatri Mehra","Alumni","693518f6bd14f512f99e27bb","2020-04-17T18:30:00.000Z"
"myra.deshpande458@mirandadu.edu.in","Myra Deshpande","Alumni","693518f6bd14f512f99e27c8","2022-12-15T18:30:00.000Z"
"kritika.das823@mirandadu.edu.in","Kritika Das","Alumni","693518f7bd14f512f99e27d8","2022-04-14T18:30:00.000Z"
"prasad.dubey453@mirandadu.edu.in","Prasad Dubey","Alumni","693518f7bd14f512f99e27e4","2019-04-25T18:30:00.000Z"
"deepak.sen905@mirandadu.edu.in","Deepak Sen","Alumni","693518f7bd14f512f99e27f3","2021-10-02T18:30:00.000Z"
"rahul.yadav214@mirandadu.edu.in","Rahul Yadav","Alumni","693518f7bd14f512f99e27fe","2019-12-06T18:30:00.000Z"
"tarun.kulkarni303@mirandadu.edu.in","Tarun Kulkarni","Alumni","693518f7bd14f512f99e280e","2019-03-24T18:30:00.000Z"
"simran.srivastava136@mirandadu.edu.in","Simran Srivastava","Alumni","693518f7bd14f512f99e281d","2019-06-01T18:30:00.000Z"
"aditya.gupta258@mirandadu.edu.in","Aditya Gupta","Alumni","693518f7bd14f512f99e282d","2022-03-25T18:30:00.000Z"
"padma.yadav981@mirandadu.edu.in","Padma Yadav","Alumni","693518f8bd14f512f99e283d","2021-09-27T18:30:00.000Z"
"kritika.deshmukh783@mirandadu.edu.in","Kritika Deshmukh","Alumni","693518f8bd14f512f99e284c","2021-10-19T18:30:00.000Z"
"pari.iyengar932@mirandadu.edu.in","Pari Iyengar","Alumni","693518f8bd14f512f99e2859","2021-09-02T18:30:00.000Z"
"bhavya.patil858@mirandadu.edu.in","Bhavya Patil","Alumni","693518f8bd14f512f99e2863","2021-12-23T18:30:00.000Z"
"arjun.reddy275@mirandadu.edu.in","Arjun Reddy","Alumni","693518f8bd14f512f99e2870","2023-03-12T18:30:00.000Z"
"suresh.agarwal21@mirandadu.edu.in","Suresh Agarwal","Student","69351909bd14f512f99e2d18","2023-07-13T18:30:00.000Z"
"padma.thakur854@mirandadu.edu.in","Padma Thakur","Student","69351909bd14f512f99e2d1b","2022-07-07T18:30:00.000Z"
"aanya.nair244@mirandadu.edu.in","Aanya Nair","Student","69351909bd14f512f99e2d1e","2021-09-18T18:30:00.000Z"
"vivaan.anand590@mirandadu.edu.in","Vivaan Anand","Student","69351909bd14f512f99e2d21","2022-08-08T18:30:00.000Z"
"myra.sen501@mirandadu.edu.in","Myra Sen","Student","69351909bd14f512f99e2d24","2023-07-14T18:30:00.000Z"
"tarun.patel186@mirandadu.edu.in","Tarun Patel","Student","69351909bd14f512f99e2d27","2024-07-02T18:30:00.000Z"
"aanya.chavan449@mirandadu.edu.in","Aanya Chavan","Student","69351909bd14f512f99e2d2a","2022-07-16T18:30:00.000Z"
"ritvik.banerjee657@mirandadu.edu.in","Ritvik Banerjee","Student","69351909bd14f512f99e2d2d","2023-09-19T18:30:00.000Z"
"kritika.patil197@mirandadu.edu.in","Kritika Patil","Student","6935190abd14f512f99e2d30","2021-09-08T18:30:00.000Z"
"aishwarya.kumar888@mirandadu.edu.in","Aishwarya Kumar","Student","6935190abd14f512f99e2d33","2022-09-17T18:30:00.000Z"
"myra.shukla555@mirandadu.edu.in","Myra Shukla","Student","6935190abd14f512f99e2d36","2021-08-22T18:30:00.000Z"
"sana.goel962@mirandadu.edu.in","Sana Goel","Student","6935190abd14f512f99e2d39","2024-08-24T18:30:00.000Z"
"atharva.malhotra567@mirandadu.edu.in","Atharva Malhotra","Student","6935190abd14f512f99e2d3c","2021-08-26T18:30:00.000Z"
"lakshmi.chatterjee783@mirandadu.edu.in","Lakshmi Chatterjee","Student","6935190abd14f512f99e2d3f","2022-07-15T18:30:00.000Z"
"kunal.pandey452@mirandadu.edu.in","Kunal Pandey","Student","6935190abd14f512f99e2d42","2021-07-27T18:30:00.000Z"
"kunal.mehra977@mirandadu.edu.in","Kunal Mehra","Student","6935190abd14f512f99e2d45","2021-09-20T18:30:00.000Z"
"rajesh.agarwal105@mirandadu.edu.in","Rajesh Agarwal","Student","6935190abd14f512f99e2d48","2022-08-19T18:30:00.000Z"
"mansi.mukherjee66@mirandadu.edu.in","Mansi Mukherjee","Student","6935190abd14f512f99e2d4b","2021-09-22T18:30:00.000Z"
"pooja.singh50@mirandadu.edu.in","Pooja Singh","Student","6935190abd14f512f99e2d4e","2023-09-26T18:30:00.000Z"
"deepika.iyengar10@mirandadu.edu.in","Deepika Iyengar","Student","6935190abd14f512f99e2d51","2022-08-19T18:30:00.000Z"
"darsh.arora372@mirandadu.edu.in","Darsh Arora","Student","6935190bbd14f512f99e2d54","2021-08-11T18:30:00.000Z"
"arjun.pandey296@mirandadu.edu.in","Arjun Pandey","Student","6935190bbd14f512f99e2d57","2023-07-28T18:30:00.000Z"
"rohan.banerjee587@mirandadu.edu.in","Rohan Banerjee","Student","6935190bbd14f512f99e2d5a","2022-07-03T18:30:00.000Z"
"vikram.thakur28@mirandadu.edu.in","Vikram Thakur","Student","6935190bbd14f512f99e2d5d","2023-09-19T18:30:00.000Z"
"deepika.pillai759@mirandadu.edu.in","Deepika Pillai","Student","6935190bbd14f512f99e2d60","2022-09-19T18:30:00.000Z"
"atharva.agarwal634@mirandadu.edu.in","Atharva Agarwal","Student","6935190bbd14f512f99e2d63","2024-07-17T18:30:00.000Z"
"manoj.yadav227@mirandadu.edu.in","Manoj Yadav","Student","6935190bbd14f512f99e2d66","2024-07-15T18:30:00.000Z"
"vikram.rao875@mirandadu.edu.in","Vikram Rao","Student","6935190bbd14f512f99e2d69","2024-09-26T18:30:00.000Z"
"aadhya.agarwal217@mirandadu.edu.in","Aadhya Agarwal","Student","6935190bbd14f512f99e2d6c","2021-09-21T18:30:00.000Z"
"nikhil.reddy343@mirandadu.edu.in","Nikhil Reddy","Student","6935190bbd14f512f99e2d6f","2021-07-12T18:30:00.000Z"
"neha.goel739@mirandadu.edu.in","Neha Goel","Student","6935190bbd14f512f99e2d72","2023-07-27T18:30:00.000Z"
"rajesh.chauhan175@mirandadu.edu.in","Rajesh Chauhan","Student","6935190bbd14f512f99e2d75","2023-08-14T18:30:00.000Z"
"karthik.kapoor606@mirandadu.edu.in","Karthik Kapoor","Student","6935190bbd14f512f99e2d78","2023-08-12T18:30:00.000Z"
"tanya.yadav326@mirandadu.edu.in","Tanya Yadav","Student","6935190cbd14f512f99e2d7b","2021-09-08T18:30:00.000Z"
"harish.banerjee531@mirandadu.edu.in","Harish Banerjee","Student","6935190cbd14f512f99e2d7e","2022-09-04T18:30:00.000Z"
"vrinda.thakur455@mirandadu.edu.in","Vrinda Thakur","Student","6935190cbd14f512f99e2d81","2021-09-21T18:30:00.000Z"
"pihu.malhotra324@mirandadu.edu.in","Pihu Malhotra","Student","6935190cbd14f512f99e2d84","2021-06-30T18:30:00.000Z"
"kian.verma533@mirandadu.edu.in","Kian Verma","Student","6935190cbd14f512f99e2d87","2023-08-06T18:30:00.000Z"
"ravi.chopra557@mirandadu.edu.in","Ravi Chopra","Student","6935190cbd14f512f99e2d8a","2024-08-16T18:30:00.000Z"
"aditya.thakur750@mirandadu.edu.in","Aditya Thakur","Student","6935190cbd14f512f99e2d8d","2023-09-04T18:30:00.000Z"
"rohit.menon25@hindudu.edu.in","Rohit Menon","Alumni","693518f8bd14f512f99e287c","2021-12-15T18:30:00.000Z"
"deepak.jain543@hindudu.edu.in","Deepak Jain","Alumni","693518f8bd14f512f99e288c","2019-12-04T18:30:00.000Z"
"pradeep.iyengar184@hindudu.edu.in","Pradeep Iyengar","Alumni","693518f8bd14f512f99e289b","2021-03-02T18:30:00.000Z"
"karthik.tiwari969@hindudu.edu.in","Karthik Tiwari","Alumni","693518f8bd14f512f99e28a7","2023-05-08T18:30:00.000Z"
"harish.khanna828@hindudu.edu.in","Harish Khanna","Alumni","693518f9bd14f512f99e28b7","2022-04-07T18:30:00.000Z"
"arjun.pawar679@hindudu.edu.in","Arjun Pawar","Alumni","693518f9bd14f512f99e28c6","2021-11-06T18:30:00.000Z"
"rohan.sharma93@hindudu.edu.in","Rohan Sharma","Alumni","693518f9bd14f512f99e28d5","2021-08-16T18:30:00.000Z"
"aditya.mehra963@hindudu.edu.in","Aditya Mehra","Alumni","693518f9bd14f512f99e28e1","2019-07-03T18:30:00.000Z"
"priya.reddy397@hindudu.edu.in","Priya Reddy","Alumni","693518f9bd14f512f99e28f1","2020-11-06T18:30:00.000Z"
"ankit.reddy215@hindudu.edu.in","Ankit Reddy","Alumni","693518f9bd14f512f99e2900","2021-06-23T18:30:00.000Z"
"charvi.nair306@hindudu.edu.in","Charvi Nair","Alumni","693518f9bd14f512f99e290e","2019-08-24T18:30:00.000Z"
"shruti.pawar633@hindudu.edu.in","Shruti Pawar","Alumni","693518f9bd14f512f99e2919","2020-10-09T18:30:00.000Z"
"suresh.ghosh303@hindudu.edu.in","Suresh Ghosh","Alumni","693518fabd14f512f99e2929","2021-03-31T18:30:00.000Z"
"deepak.chatterjee221@hindudu.edu.in","Deepak Chatterjee","Alumni","693518fabd14f512f99e2939","2021-06-08T18:30:00.000Z"
"riya.dhawan456@hindudu.edu.in","Riya Dhawan","Alumni","693518fabd14f512f99e2946","2022-06-18T18:30:00.000Z"
"aadhya.das425@hindudu.edu.in","Aadhya Das","Alumni","693518fabd14f512f99e2951","2022-07-15T18:30:00.000Z"
"akash.mishra340@hindudu.edu.in","Akash Mishra","Alumni","693518fabd14f512f99e2960","2023-06-22T18:30:00.000Z"
"vikram.kulkarni330@hindudu.edu.in","Vikram Kulkarni","Alumni","693518fabd14f512f99e296c","2023-02-16T18:30:00.000Z"
"rajesh.kumar619@hindudu.edu.in","Rajesh Kumar","Alumni","693518fabd14f512f99e297b","2022-09-24T18:30:00.000Z"
"riya.srivastava297@hindudu.edu.in","Riya Srivastava","Alumni","693518fabd14f512f99e2989","2020-10-08T18:30:00.000Z"
"nikhil.das640@hindudu.edu.in","Nikhil Das","Alumni","693518fbbd14f512f99e2998","2023-03-05T18:30:00.000Z"
"vivaan.srivastava589@hindudu.edu.in","Vivaan Srivastava","Alumni","693518fbbd14f512f99e29a7","2022-05-03T18:30:00.000Z"
"mahi.singh737@hindudu.edu.in","Mahi Singh","Alumni","693518fbbd14f512f99e29b4","2020-04-09T18:30:00.000Z"
"kabir.jain826@hindudu.edu.in","Kabir Jain","Alumni","693518fbbd14f512f99e29c3","2020-12-16T18:30:00.000Z"
"aanya.kulkarni77@hindudu.edu.in","Aanya Kulkarni","Alumni","693518fbbd14f512f99e29d3","2022-08-15T18:30:00.000Z"
"venkat.pillai664@hindudu.edu.in","Venkat Pillai","Alumni","693518fbbd14f512f99e29e3","2020-01-13T18:30:00.000Z"
"mohit.pandey931@hindudu.edu.in","Mohit Pandey","Alumni","693518fcbd14f512f99e29f2","2019-09-08T18:30:00.000Z"
"arun.mishra688@hindudu.edu.in","Arun Mishra","Alumni","693518fcbd14f512f99e29fe","2019-02-16T18:30:00.000Z"
"venkat.chopra858@hindudu.edu.in","Venkat Chopra","Alumni","693518fcbd14f512f99e2a0b","2023-10-12T18:30:00.000Z"
"vivaan.patil467@hindudu.edu.in","Vivaan Patil","Alumni","693518fcbd14f512f99e2a16","2022-08-31T18:30:00.000Z"
"amit.dhawan159@hindudu.edu.in","Amit Dhawan","Alumni","693518fcbd14f512f99e2a23","2023-10-16T18:30:00.000Z"
"venkat.kapoor902@hindudu.edu.in","Venkat Kapoor","Alumni","693518fcbd14f512f99e2a2f","2019-07-13T18:30:00.000Z"
"darsh.reddy395@hindudu.edu.in","Darsh Reddy","Alumni","693518fcbd14f512f99e2a3f","2020-11-15T18:30:00.000Z"
"amit.shukla610@hindudu.edu.in","Amit Shukla","Alumni","693518fcbd14f512f99e2a4f","2020-12-04T18:30:00.000Z"
"arjun.chauhan502@hindudu.edu.in","Arjun Chauhan","Alumni","693518fcbd14f512f99e2a5a","2023-01-23T18:30:00.000Z"
"neha.chatterjee124@hindudu.edu.in","Neha Chatterjee","Alumni","693518fdbd14f512f99e2a6a","2019-01-04T18:30:00.000Z"
"manoj.verma403@hindudu.edu.in","Manoj Verma","Alumni","693518fdbd14f512f99e2a76","2020-02-22T18:30:00.000Z"
"kajal.tiwari740@hindudu.edu.in","Kajal Tiwari","Alumni","693518fdbd14f512f99e2a82","2023-06-14T18:30:00.000Z"
"diya.agarwal293@hindudu.edu.in","Diya Agarwal","Alumni","693518fdbd14f512f99e2a8f","2023-12-09T18:30:00.000Z"
"asha.menon867@hindudu.edu.in","Asha Menon","Alumni","693518fdbd14f512f99e2a9f","2022-06-23T18:30:00.000Z"
"tarun.khanna461@hindudu.edu.in","Tarun Khanna","Alumni","693518fdbd14f512f99e2aaf","2023-10-26T18:30:00.000Z"
"atharva.bose699@hindudu.edu.in","Atharva Bose","Alumni","693518fdbd14f512f99e2abe","2019-01-02T18:30:00.000Z"
"shanaya.yadav822@hindudu.edu.in","Shanaya Yadav","Alumni","693518febd14f512f99e2ace","2023-02-13T18:30:00.000Z"
"meera.mukherjee886@hindudu.edu.in","Meera Mukherjee","Alumni","693518febd14f512f99e2add","2019-09-25T18:30:00.000Z"
"nisha.mehra240@hindudu.edu.in","Nisha Mehra","Alumni","693518febd14f512f99e2ae9","2020-11-25T18:30:00.000Z"
"aarush.mukherjee505@hindudu.edu.in","Aarush Mukherjee","Alumni","693518febd14f512f99e2af5","2020-04-08T18:30:00.000Z"
"diya.chatterjee287@hindudu.edu.in","Diya Chatterjee","Alumni","693518febd14f512f99e2b02","2020-01-09T18:30:00.000Z"
"rohan.khanna97@hindudu.edu.in","Rohan Khanna","Alumni","693518febd14f512f99e2b0c","2020-06-09T18:30:00.000Z"
"amit.verma213@hindudu.edu.in","Amit Verma","Alumni","693518febd14f512f99e2b18","2023-02-11T18:30:00.000Z"
"rohan.ghosh454@hindudu.edu.in","Rohan Ghosh","Alumni","693518febd14f512f99e2b23","2020-03-07T18:30:00.000Z"
"advait.rao981@hindudu.edu.in","Advait Rao","Alumni","693518febd14f512f99e2b33","2019-08-25T18:30:00.000Z"
"arjun.arora881@hindudu.edu.in","Arjun Arora","Alumni","693518febd14f512f99e2b3e","2023-04-16T18:30:00.000Z"
"prasad.bajaj881@hindudu.edu.in","Prasad Bajaj","Alumni","693518ffbd14f512f99e2b4e","2022-12-06T18:30:00.000Z"
"zara.deshmukh889@hindudu.edu.in","Zara Deshmukh","Alumni","693518ffbd14f512f99e2b5b","2019-06-18T18:30:00.000Z"
"suresh.jain985@hindudu.edu.in","Suresh Jain","Alumni","693518ffbd14f512f99e2b66","2019-11-20T18:30:00.000Z"
"vihaan.bose89@hindudu.edu.in","Vihaan Bose","Alumni","693518ffbd14f512f99e2b71","2021-01-02T18:30:00.000Z"
"pihu.bajaj835@hindudu.edu.in","Pihu Bajaj","Alumni","693518ffbd14f512f99e2b7b","2021-11-18T18:30:00.000Z"
"manoj.das495@hindudu.edu.in","Manoj Das","Alumni","693518ffbd14f512f99e2b88","2023-04-25T18:30:00.000Z"
"ananya.nair931@hindudu.edu.in","Ananya Nair","Alumni","693518ffbd14f512f99e2b97","2020-12-21T18:30:00.000Z"
"reyansh.menon559@hindudu.edu.in","Reyansh Menon","Alumni","693518ffbd14f512f99e2ba4","2022-09-04T18:30:00.000Z"
"tarun.bose124@hindudu.edu.in","Tarun Bose","Student","6935190cbd14f512f99e2d90","2023-07-26T18:30:00.000Z"
"deepak.chauhan871@hindudu.edu.in","Deepak Chauhan","Student","6935190cbd14f512f99e2d93","2021-09-23T18:30:00.000Z"
"mohit.agarwal129@hindudu.edu.in","Mohit Agarwal","Student","6935190cbd14f512f99e2d96","2023-08-14T18:30:00.000Z"
"dhruv.patel327@hindudu.edu.in","Dhruv Patel","Student","6935190cbd14f512f99e2d99","2022-08-13T18:30:00.000Z"
"sneha.kulkarni829@hindudu.edu.in","Sneha Kulkarni","Student","6935190cbd14f512f99e2d9c","2022-08-12T18:30:00.000Z"
"myra.arora163@hindudu.edu.in","Myra Arora","Student","6935190cbd14f512f99e2d9f","2021-09-07T18:30:00.000Z"
"riya.yadav130@hindudu.edu.in","Riya Yadav","Student","6935190dbd14f512f99e2da2","2024-07-26T18:30:00.000Z"
"mohit.kumar787@hindudu.edu.in","Mohit Kumar","Student","6935190dbd14f512f99e2da5","2024-09-12T18:30:00.000Z"
"padma.sharma170@hindudu.edu.in","Padma Sharma","Student","6935190dbd14f512f99e2da8","2024-08-05T18:30:00.000Z"
"aarush.chauhan118@hindudu.edu.in","Aarush Chauhan","Student","6935190dbd14f512f99e2dab","2024-09-17T18:30:00.000Z"
"suresh.iyer987@hindudu.edu.in","Suresh Iyer","Student","6935190dbd14f512f99e2dae","2022-08-14T18:30:00.000Z"
"kian.verma354@hindudu.edu.in","Kian Verma","Student","6935190dbd14f512f99e2db1","2021-07-11T18:30:00.000Z"
"rahul.nair414@hindudu.edu.in","Rahul Nair","Student","6935190dbd14f512f99e2db4","2021-07-20T18:30:00.000Z"
"atharva.sharma731@hindudu.edu.in","Atharva Sharma","Student","6935190dbd14f512f99e2db7","2024-08-24T18:30:00.000Z"
"prasad.arora747@hindudu.edu.in","Prasad Arora","Student","6935190dbd14f512f99e2dba","2023-07-07T18:30:00.000Z"
"aishwarya.jain119@hindudu.edu.in","Aishwarya Jain","Student","6935190dbd14f512f99e2dbd","2024-07-24T18:30:00.000Z"
"sara.pawar818@hindudu.edu.in","Sara Pawar","Student","6935190dbd14f512f99e2dc0","2024-08-23T18:30:00.000Z"
"asha.deshmukh127@hindudu.edu.in","Asha Deshmukh","Student","6935190dbd14f512f99e2dc3","2023-08-26T18:30:00.000Z"
"arun.pillai606@hindudu.edu.in","Arun Pillai","Student","6935190dbd14f512f99e2dc6","2023-07-12T18:30:00.000Z"
"meera.patel471@hindudu.edu.in","Meera Patel","Student","6935190ebd14f512f99e2dc9","2022-08-19T18:30:00.000Z"
"diya.yadav135@hindudu.edu.in","Diya Yadav","Student","6935190ebd14f512f99e2dcc","2021-09-19T18:30:00.000Z"
"advait.mishra258@hindudu.edu.in","Advait Mishra","Student","6935190ebd14f512f99e2dcf","2024-09-25T18:30:00.000Z"
"karthik.sharma387@hindudu.edu.in","Karthik Sharma","Student","6935190ebd14f512f99e2dd2","2023-07-22T18:30:00.000Z"
"kavya.kulkarni999@hindudu.edu.in","Kavya Kulkarni","Student","6935190ebd14f512f99e2dd5","2024-07-21T18:30:00.000Z"
"pradeep.banerjee901@hindudu.edu.in","Pradeep Banerjee","Student","6935190ebd14f512f99e2dd8","2023-08-06T18:30:00.000Z"
"darsh.bajaj479@hindudu.edu.in","Darsh Bajaj","Student","6935190ebd14f512f99e2ddb","2022-07-24T18:30:00.000Z"
"vivaan.kulkarni88@hindudu.edu.in","Vivaan Kulkarni","Student","6935190ebd14f512f99e2dde","2024-08-19T18:30:00.000Z"
"kabir.joshi145@hindudu.edu.in","Kabir Joshi","Student","6935190ebd14f512f99e2de1","2022-09-26T18:30:00.000Z"
"arjun.sen399@hindudu.edu.in","Arjun Sen","Student","6935190ebd14f512f99e2de4","2024-07-31T18:30:00.000Z"
"rahul.pandey922@hindudu.edu.in","Rahul Pandey","Student","6935190ebd14f512f99e2de7","2024-08-27T18:30:00.000Z"
"bhavya.deshpande399@hindudu.edu.in","Bhavya Deshpande","Student","6935190ebd14f512f99e2dea","2023-07-31T18:30:00.000Z"
"diya.chatterjee694@hindudu.edu.in","Diya Chatterjee","Student","6935190ebd14f512f99e2ded","2024-09-22T18:30:00.000Z"
"krishna.goel771@hindudu.edu.in","Krishna Goel","Student","6935190ebd14f512f99e2df0","2023-09-27T18:30:00.000Z"
"nisha.sharma84@hindudu.edu.in","Nisha Sharma","Student","6935190fbd14f512f99e2df3","2024-08-14T18:30:00.000Z"
"ira.bajaj511@hindudu.edu.in","Ira Bajaj","Student","6935190fbd14f512f99e2df6","2022-07-31T18:30:00.000Z"
"tanya.bhatia717@hindudu.edu.in","Tanya Bhatia","Student","6935190fbd14f512f99e2df9","2022-09-03T18:30:00.000Z"
"kavya.patil33@hindudu.edu.in","Kavya Patil","Student","6935190fbd14f512f99e2dfc","2024-08-14T18:30:00.000Z"
"harish.kapoor734@hindudu.edu.in","Harish Kapoor","Student","6935190fbd14f512f99e2dff","2024-07-15T18:30:00.000Z"
"sahil.bose266@hindudu.edu.in","Sahil Bose","Student","6935190fbd14f512f99e2e02","2024-07-22T18:30:00.000Z"
"advait.iyer939@hindudu.edu.in","Advait Iyer","Student","6935190fbd14f512f99e2e05","2023-06-30T18:30:00.000Z"
